Workbook

Sheet Executive Summary
A1: Personal Injury Settlement & Bottleneck Analytics
A2: Synthetic data | As of 2026-10-13 | Summary values are live formulas over the CaseData tab
A4: KPI | B4: Value | C4: Definition
A5: Total cases | B5: =COUNTA(CaseData!$A$2:$A$201) -> 200 | C5: All intakes in dataset
A6: Closed cases | B6: =COUNTIF(CaseData!$F$2:$F$201,"Closed") -> 166 | C6: Closing statement signed
A7: Open cases | B7: =COUNTIF(CaseData!$F$2:$F$201,"Open") -> 34 | C7: No closing statement yet
A8: ACTIVE stagnation alerts | B8: =COUNTIF(CaseData!$AI$2:$AI$201,"Yes") -> 5 | C8: Open cases waiting > 45 days on records/bills or adjuster's first offer
A9: Historical stagnation rate | B9: =COUNTIF(CaseData!$AH$2:$AH$201,"Yes")/COUNTA(CaseData!$A$2:$A$201) -> 0.44 | C9: Cases that ever exceeded 45 days waiting on records or first offer
A10: Avg cycle, intake to closing (days) | B10: =AVERAGE(CaseData!$AA$2:$AA$201) -> 322.24699 | C10: Closed cases only
A11: Median cycle (days) | B11: =MEDIAN(CaseData!$AA$2:$AA$201) -> 301.5 | C11: Closed cases only
A12: Controllable share of cycle | B12: =SUM(CaseData!$AB$2:$AB$201)/SUM(CaseData!$AA$2:$AA$201) -> 0.16024527 | C12: Demand prep + settlement-to-closing (firm-owned work)
A13: External-wait share of cycle | B13: =SUMIFS(CaseData!$AC$2:$AC$201,CaseData!$F$2:$F$201,"Closed")/SUM(CaseData!$AA$2:$AA$201) -> 0.22847849 | C13: Records/bills wait + adjuster first-offer wait (third parties)
A14: Gross settlements accepted ($) | B14: =SUM(CaseData!$I$2:$I$201) -> 6846250 | C14: Includes accepted-not-yet-closed
A15: Attorney fees earned ($) | B15: =SUM(CaseData!$AF$2:$AF$201) -> 2341775 | C15: Settlement x fee % (33% pre-suit / 40% litigated)
A16: Original liens, closed cases ($) | B16: =SUMIFS(CaseData!$K$2:$K$201,CaseData!$F$2:$F$201,"Closed") -> 1325530.8 | C16: As asserted by lienholders
A17: Lien reduction savings ($) | B17: =SUM(CaseData!$AD$2:$AD$201) -> 491162.88 | C17: Original minus final negotiated liens
A18: Lien reduction (dollar-weighted) | B18: =B17/B16 -> 0.37054054 | C18: Savings / original liens
A20: Net_Attorney_Fee = settlement x fee %; case costs are treated as pass-through (not in dataset).

Sheet Phase Breakdown
A1: Where does the time go? (average days per phase, closed cases)
A3: Phase | B3: Owner | C3: Avg days | D3: % of cycle
A4: Treatment (intake to MMI) | B4: Client / medical | C4: =AVERAGEIFS(CaseData!$T$2:$T$201,CaseData!$F$2:$F$201,"Closed") -> 128.45181 | D4: =C4/SUM($C$4:$C$9) -> 0.3986129
A5: Records & bills wait | B5: EXTERNAL - providers | C5: =AVERAGEIFS(CaseData!$U$2:$U$201,CaseData!$F$2:$F$201,"Closed") -> 31.674699 | D5: =C5/SUM($C$4:$C$9) -> 0.098293235
A6: Demand preparation | B6: CONTROLLABLE - firm | C6: =AVERAGEIFS(CaseData!$V$2:$V$201,CaseData!$F$2:$F$201,"Closed") -> 16.927711 | D6: =C6/SUM($C$4:$C$9) -> 0.052530238
A7: Adjuster first-offer wait | B7: EXTERNAL - carrier | C7: =AVERAGEIFS(CaseData!$W$2:$W$201,CaseData!$F$2:$F$201,"Closed") -> 41.951807 | D7: =C7/SUM($C$4:$C$9) -> 0.13018526
A8: Negotiation | B8: Strategic / shared | C8: =AVERAGEIFS(CaseData!$X$2:$X$201,CaseData!$F$2:$F$201,"Closed") -> 68.53012 | D8: =C8/SUM($C$4:$C$9) -> 0.21266334
A9: Settlement to closing | B9: CONTROLLABLE - firm | C9: =AVERAGEIFS(CaseData!$Y$2:$Y$201,CaseData!$F$2:$F$201,"Closed") -> 34.710843 | D9: =C9/SUM($C$4:$C$9) -> 0.10771503
A10: Total | C10: =SUM(C4:C9) -> 322.24699 | D10: =SUM(D4:D9) -> 1

Sheet Case Manager
A1: Case manager scorecard (firm-controllable efficiency + lien results)
A3: Case manager | B3: Cases | C3: Avg demand prep (d) | D3: Avg settlement-to-closing (d) | E3: Avg controllable days | F3: Lien reduction % ($-weighted) | G3: Lien savings ($) | H3: Attorney fees ($)
A4: Alicia Reyes | B4: =COUNTIF(CaseData!$D$2:$D$201,A4) -> 42 | C4: =IFERROR(AVERAGEIFS(CaseData!$V$2:$V$201,CaseData!$D$2:$D$201,A4),"") -> 17.390244 | D4: =IFERROR(AVERAGEIFS(CaseData!$Y$2:$Y$201,CaseData!$D$2:$D$201,A4),"") -> 28.342857 | E4: =IFERROR(AVERAGEIFS(CaseData!$AB$2:$AB$201,CaseData!$D$2:$D$201,A4),"") -> 44.4 | F4: =IFERROR(SUMIFS(CaseData!$AD$2:$AD$201,CaseData!$D$2:$D$201,A4)/SUMIFS(CaseData!$K$2:$K$201,CaseData!$D$2:$D$201,A4,CaseData!$F$2:$F$201,"Closed"),"") -> 0.27806127 | G4: =SUMIFS(CaseData!$AD$2:$AD$201,CaseData!$D$2:$D$201,A4) -> 69526.73 | H4: =SUMIFS(CaseData!$AF$2:$AF$201,CaseData!$D$2:$D$201,A4) -> 486090
A5: Daniel Kowalski | B5: =COUNTIF(CaseData!$D$2:$D$201,A5) -> 35 | C5: =IFERROR(AVERAGEIFS(CaseData!$V$2:$V$201,CaseData!$D$2:$D$201,A5),"") -> 19.176471 | D5: =IFERROR(AVERAGEIFS(CaseData!$Y$2:$Y$201,CaseData!$D$2:$D$201,A5),"") -> 38.322581 | E5: =IFERROR(AVERAGEIFS(CaseData!$AB$2:$AB$201,CaseData!$D$2:$D$201,A5),"") -> 55.806452 | F5: =IFERROR(SUMIFS(CaseData!$AD$2:$AD$201,CaseData!$D$2:$D$201,A5)/SUMIFS(CaseData!$K$2:$K$201,CaseData!$D$2:$D$201,A5,CaseData!$F$2:$F$201,"Closed"),"") -> 0.46961766 | G5: =SUMIFS(CaseData!$AD$2:$AD$201,CaseData!$D$2:$D$201,A5) -> 112804.44 | H5: =SUMIFS(CaseData!$AF$2:$AF$201,CaseData!$D$2:$D$201,A5) -> 364177.5
A6: Jennifer Ortiz | B6: =COUNTIF(CaseData!$D$2:$D$201,A6) -> 46 | C6: =IFERROR(AVERAGEIFS(CaseData!$V$2:$V$201,CaseData!$D$2:$D$201,A6),"") -> 16.086957 | D6: =IFERROR(AVERAGEIFS(CaseData!$Y$2:$Y$201,CaseData!$D$2:$D$201,A6),"") -> 33.4 | E6: =IFERROR(AVERAGEIFS(CaseData!$AB$2:$AB$201,CaseData!$D$2:$D$201,A6),"") -> 49.485714 | F6: =IFERROR(SUMIFS(CaseData!$AD$2:$AD$201,CaseData!$D$2:$D$201,A6)/SUMIFS(CaseData!$K$2:$K$201,CaseData!$D$2:$D$201,A6,CaseData!$F$2:$F$201,"Closed"),"") -> 0.33358056 | G6: =SUMIFS(CaseData!$AD$2:$AD$201,CaseData!$D$2:$D$201,A6) -> 104329.8 | H6: =SUMIFS(CaseData!$AF$2:$AF$201,CaseData!$D$2:$D$201,A6) -> 551892.5
A7: Marcus Bell | B7: =COUNTIF(CaseData!$D$2:$D$201,A7) -> 34 | C7: =IFERROR(AVERAGEIFS(CaseData!$V$2:$V$201,CaseData!$D$2:$D$201,A7),"") -> 23.25 | D7: =IFERROR(AVERAGEIFS(CaseData!$Y$2:$Y$201,CaseData!$D$2:$D$201,A7),"") -> 45.068966 | E7: =IFERROR(AVERAGEIFS(CaseData!$AB$2:$AB$201,CaseData!$D$2:$D$201,A7),"") -> 69.068966 | F7: =IFERROR(SUMIFS(CaseData!$AD$2:$AD$201,CaseData!$D$2:$D$201,A7)/SUMIFS(CaseData!$K$2:$K$201,CaseData!$D$2:$D$201,A7,CaseData!$F$2:$F$201,"Closed"),"") -> 0.38966413 | G7: =SUMIFS(CaseData!$AD$2:$AD$201,CaseData!$D$2:$D$201,A7) -> 85234.48 | H7: =SUMIFS(CaseData!$AF$2:$AF$201,CaseData!$D$2:$D$201,A7) -> 448192.5
A8: Priya Nair | B8: =COUNTIF(CaseData!$D$2:$D$201,A8) -> 43 | C8: =IFERROR(AVERAGEIFS(CaseData!$V$2:$V$201,CaseData!$D$2:$D$201,A8),"") -> 11.857143 | D8: =IFERROR(AVERAGEIFS(CaseData!$Y$2:$Y$201,CaseData!$D$2:$D$201,A8),"") -> 30.722222 | E8: =IFERROR(AVERAGEIFS(CaseData!$AB$2:$AB$201,CaseData!$D$2:$D$201,A8),"") -> 43.138889 | F8: =IFERROR(SUMIFS(CaseData!$AD$2:$AD$201,CaseData!$D$2:$D$201,A8)/SUMIFS(CaseData!$K$2:$K$201,CaseData!$D$2:$D$201,A8,CaseData!$F$2:$F$201,"Closed"),"") -> 0.39259943 | G8: =SUMIFS(CaseData!$AD$2:$AD$201,CaseData!$D$2:$D$201,A8) -> 119267.43 | H8: =SUMIFS(CaseData!$AF$2:$AF$201,CaseData!$D$2:$D$201,A8) -> 491422.5

Sheet Carrier
A1: Carrier response time (external wait) - ILLUSTRATIVE synthetic data
A3: Insurance company | B3: Cases w/ first offer | C3: Avg days demand to offer | D3: % offers > 45 days | E3: Avg settlement ($)
A4: Allstate | B4: =COUNTIFS(CaseData!$E$2:$E$201,A4,CaseData!$W$2:$W$201,">=0") -> 45 | C4: =IFERROR(AVERAGEIFS(CaseData!$W$2:$W$201,CaseData!$E$2:$E$201,A4),"") -> 45.444444 | D4: =IFERROR(COUNTIFS(CaseData!$E$2:$E$201,A4,CaseData!$W$2:$W$201,">45")/B4,"") -> 0.37777778 | E4: =IFERROR(AVERAGEIFS(CaseData!$I$2:$I$201,CaseData!$E$2:$E$201,A4),"") -> 33871.795
A5: GEICO | B5: =COUNTIFS(CaseData!$E$2:$E$201,A5,CaseData!$W$2:$W$201,">=0") -> 29 | C5: =IFERROR(AVERAGEIFS(CaseData!$W$2:$W$201,CaseData!$E$2:$E$201,A5),"") -> 33 | D5: =IFERROR(COUNTIFS(CaseData!$E$2:$E$201,A5,CaseData!$W$2:$W$201,">45")/B5,"") -> 0.13793103 | E5: =IFERROR(AVERAGEIFS(CaseData!$I$2:$I$201,CaseData!$E$2:$E$201,A5),"") -> 38440
A6: Liberty Mutual | B6: =COUNTIFS(CaseData!$E$2:$E$201,A6,CaseData!$W$2:$W$201,">=0") -> 44 | C6: =IFERROR(AVERAGEIFS(CaseData!$W$2:$W$201,CaseData!$E$2:$E$201,A6),"") -> 46.863636 | D6: =IFERROR(COUNTIFS(CaseData!$E$2:$E$201,A6,CaseData!$W$2:$W$201,">45")/B6,"") -> 0.43181818 | E6: =IFERROR(AVERAGEIFS(CaseData!$I$2:$I$201,CaseData!$E$2:$E$201,A6),"") -> 42523.256
A7: Progressive | B7: =COUNTIFS(CaseData!$E$2:$E$201,A7,CaseData!$W$2:$W$201,">=0") -> 31 | C7: =IFERROR(AVERAGEIFS(CaseData!$W$2:$W$201,CaseData!$E$2:$E$201,A7),"") -> 36.322581 | D7: =IFERROR(COUNTIFS(CaseData!$E$2:$E$201,A7,CaseData!$W$2:$W$201,">45")/B7,"") -> 0.19354839 | E7: =IFERROR(AVERAGEIFS(CaseData!$I$2:$I$201,CaseData!$E$2:$E$201,A7),"") -> 52196.429
A8: State Farm | B8: =COUNTIFS(CaseData!$E$2:$E$201,A8,CaseData!$W$2:$W$201,">=0") -> 39 | C8: =IFERROR(AVERAGEIFS(CaseData!$W$2:$W$201,CaseData!$E$2:$E$201,A8),"") -> 42.461538 | D8: =IFERROR(COUNTIFS(CaseData!$E$2:$E$201,A8,CaseData!$W$2:$W$201,">45")/B8,"") -> 0.35897436 | E8: =IFERROR(AVERAGEIFS(CaseData!$I$2:$I$201,CaseData!$E$2:$E$201,A8),"") -> 34439.189

Sheet Injury Type
A1: Injury type economics
A3: Injury type | B3: Cases | C3: Avg billed ($) | D3: Avg settlement ($) | E3: Avg cycle (days) | F3: % litigated (40% fee)
A4: Motor Vehicle Accident | B4: =COUNTIF(CaseData!$C$2:$C$201,A4) -> 116 | C4: =IFERROR(AVERAGEIFS(CaseData!$H$2:$H$201,CaseData!$C$2:$C$201,A4),"") -> 29334.269 | D4: =IFERROR(AVERAGEIFS(CaseData!$I$2:$I$201,CaseData!$C$2:$C$201,A4),"") -> 34897.5 | E4: =IFERROR(AVERAGEIFS(CaseData!$AA$2:$AA$201,CaseData!$C$2:$C$201,A4),"") -> 322.55208 | F4: =COUNTIFS(CaseData!$C$2:$C$201,A4,CaseData!$J$2:$J$201,0.4)/B4 -> 0.18965517
A5: Slip & Fall | B5: =COUNTIF(CaseData!$C$2:$C$201,A5) -> 38 | C5: =IFERROR(AVERAGEIFS(CaseData!$H$2:$H$201,CaseData!$C$2:$C$201,A5),"") -> 35175.602 | D5: =IFERROR(AVERAGEIFS(CaseData!$I$2:$I$201,CaseData!$C$2:$C$201,A5),"") -> 62046.875 | E5: =IFERROR(AVERAGEIFS(CaseData!$AA$2:$AA$201,CaseData!$C$2:$C$201,A5),"") -> 334.48387 | F5: =COUNTIFS(CaseData!$C$2:$C$201,A5,CaseData!$J$2:$J$201,0.4)/B5 -> 0.34210526
A6: Pedestrian | B6: =COUNTIF(CaseData!$C$2:$C$201,A6) -> 28 | C6: =IFERROR(AVERAGEIFS(CaseData!$H$2:$H$201,CaseData!$C$2:$C$201,A6),"") -> 54242.901 | D6: =IFERROR(AVERAGEIFS(CaseData!$I$2:$I$201,CaseData!$C$2:$C$201,A6),"") -> 46647.727 | E6: =IFERROR(AVERAGEIFS(CaseData!$AA$2:$AA$201,CaseData!$C$2:$C$201,A6),"") -> 377.2381 | F6: =COUNTIFS(CaseData!$C$2:$C$201,A6,CaseData!$J$2:$J$201,0.4)/B6 -> 0.14285714
A7: Dog Bite | B7: =COUNTIF(CaseData!$C$2:$C$201,A7) -> 18 | C7: =IFERROR(AVERAGEIFS(CaseData!$H$2:$H$201,CaseData!$C$2:$C$201,A7),"") -> 9733.4417 | D7: =IFERROR(AVERAGEIFS(CaseData!$I$2:$I$201,CaseData!$C$2:$C$201,A7),"") -> 19152.778 | E7: =IFERROR(AVERAGEIFS(CaseData!$AA$2:$AA$201,CaseData!$C$2:$C$201,A7),"") -> 235.38889 | F7: =COUNTIFS(CaseData!$C$2:$C$201,A7,CaseData!$J$2:$J$201,0.4)/B7 -> 0.11111111

Sheet Active Alerts
A1: case_id | B1: client_name | C1: case_manager | D1: insurance_company | E1: current_stage | F1: stagnation_type | G1: days_without_progress
A2: PI-2025-093 | B2: Brian Lewis | C2: Jennifer Ortiz | D2: Liberty Mutual | E2: 4. Awaiting Adjuster Offer | F2: Adjuster Offer | G2: 133
A3: PI-2026-006 | B3: David Williams | C3: Marcus Bell | D3: Allstate | E3: 2. Awaiting Records/Bills | F3: Records/Bills | G3: 101
A4: PI-2025-084 | B4: Brittany Garcia | C4: Priya Nair | D4: Liberty Mutual | E4: 4. Awaiting Adjuster Offer | F4: Records + Adjuster | G4: 86
A5: PI-2025-069 | B5: Rachel Ramirez | C5: Jennifer Ortiz | D5: Liberty Mutual | E5: 4. Awaiting Adjuster Offer | F5: Adjuster Offer | G5: 57
A6: PI-2026-010 | B6: Anthony Jackson | C6: Marcus Bell | D6: Progressive | E6: 2. Awaiting Records/Bills | F6: Records/Bills | G6: 53
A8: Open cases with > 45 days waiting on records/bills or an adjuster's first offer, as of 2026-10-13.

Sheet CaseData
A1: case_id | B1: client_name | C1: injury_type | D1: case_manager | E1: insurance_company | F1: case_status | G1: current_stage | H1: total_medical_bills | I1: settlement_amount | J1: attorney_fee_pct | K1: original_liens_amount | L1: final_reduced_liens_amount | M1: intake_date | N1: treatment_completion_date | O1: medical_records_received_date | P1: demand_sent_date | Q1: first_offer_date | R1: settlement_accepted_date | S1: closing_statement_date | T1: treatment_days | U1: records_wait_days | V1: demand_prep_days | W1: offer_wait_days | X1: negotiation_days | Y1: closing_days | Z1: intake_to_demand_days | AA1: total_cycle_days | AB1: controllable_days | AC1: external_wait_days | AD1: lien_reduction_savings | AE1: lien_reduction_pct | AF1: net_attorney_fee | AG1: client_net_recovery_before_costs | AH1: stagnant_case_flag | AI1: active_stagnation_alert | AJ1: stagnation_type
A2: PI-2024-001 | B2: Linda Lewis | C2: Slip & Fall | D2: Marcus Bell | E2: State Farm | F2: Closed | G2: 7. Closed | H2: 19366.57 | I2: 32250 | J2: 0.4 | K2: 6178.05 | L2: 4808.49 | M2: 45358 | N2: 45466 | O2: 45532 | P2: 45554 | Q2: 45589 | R2: 45817 | S2: 45877 | T2: 108 | U2: 66 | V2: 22 | W2: 35 | X2: 228 | Y2: 60 | Z2: 196 | AA2: 519 | AB2: 82 | AC2: 101 | AD2: 1369.56 | AE2: 22.2 | AF2: 12900 | AG2: 14541.51 | AH2: Yes | AI2: No | AJ2: Records/Bills
A3: PI-2024-002 | B3: David Thomas | C3: Motor Vehicle Accident | D3: Alicia Reyes | E3: Progressive | F3: Closed | G3: 7. Closed | H3: 37848.99 | I3: 100000 | J3: 0.33 | K3: 6758.17 | L3: 3317.32 | M3: 45361 | N3: 45484 | O3: 45551 | P3: 45579 | Q3: 45615 | R3: 45657 | S3: 45697 | T3: 123 | U3: 67 | V3: 28 | W3: 36 | X3: 42 | Y3: 40 | Z3: 218 | AA3: 336 | AB3: 68 | AC3: 103 | AD3: 3440.85 | AE3: 50.9 | AF3: 33000 | AG3: 63682.68 | AH3: Yes | AI3: No | AJ3: Records/Bills
A4: PI-2024-003 | B4: Ashley Clark | C4: Motor Vehicle Accident | D4: Daniel Kowalski | E4: Progressive | F4: Closed | G4: 7. Closed | H4: 6224.91 | I4: 9000 | J4: 0.33 | K4: 2301.48 | L4: 1584.3 | M4: 45362 | N4: 45419 | O4: 45440 | P4: 45452 | Q4: 45490 | R4: 45516 | S4: 45539 | T4: 57 | U4: 21 | V4: 12 | W4: 38 | X4: 26 | Y4: 23 | Z4: 90 | AA4: 177 | AB4: 35 | AC4: 59 | AD4: 717.18 | AE4: 31.2 | AF4: 2970 | AG4: 4445.7 | AH4: No | AI4: No
A5: PI-2024-004 | B5: Keisha Lewis | C5: Pedestrian | D5: Jennifer Ortiz | E5: Allstate | F5: Closed | G5: 7. Closed | H5: 56088.19 | I5: 149500 | J5: 0.33 | K5: 14872.22 | L5: 14446.09 | M5: 45363 | N5: 45755 | O5: 45778 | P5: 45795 | Q5: 45827 | R5: 45835 | S5: 45865 | T5: 392 | U5: 23 | V5: 17 | W5: 32 | X5: 8 | Y5: 30 | Z5: 432 | AA5: 502 | AB5: 47 | AC5: 55 | AD5: 426.13 | AE5: 2.9 | AF5: 49335 | AG5: 85718.91 | AH5: No | AI5: No
A6: PI-2024-005 | B6: Lauren Sanchez | C6: Motor Vehicle Accident | D6: Daniel Kowalski | E6: Allstate | F6: Closed | G6: 7. Closed | H6: 17513.15 | I6: 30500 | J6: 0.33 | K6: 4425.38 | L6: 3075.74 | M6: 45364 | N6: 45449 | O6: 45474 | P6: 45483 | Q6: 45534 | R6: 45557 | S6: 45581 | T6: 85 | U6: 25 | V6: 9 | W6: 51 | X6: 23 | Y6: 24 | Z6: 119 | AA6: 217 | AB6: 33 | AC6: 76 | AD6: 1349.64 | AE6: 30.5 | AF6: 10065 | AG6: 17359.26 | AH6: Yes | AI6: No | AJ6: Adjuster Offer
A7: PI-2024-006 | B7: Sofia White | C7: Motor Vehicle Accident | D7: Daniel Kowalski | E7: Allstate | F7: Closed | G7: 7. Closed | H7: 48508.51 | I7: 72750 | J7: 0.33 | K7: 12528.41 | L7: 6851.49 | M7: 45379 | N7: 45623 | O7: 45644 | P7: 45663 | Q7: 45687 | R7: 45700 | S7: 45758 | T7: 244 | U7: 21 | V7: 19 | W7: 24 | X7: 13 | Y7: 58 | Z7: 284 | AA7: 379 | AB7: 77 | AC7: 45 | AD7: 5676.92 | AE7: 45.3 | AF7: 24007.5 | AG7: 41891.01 | AH7: No | AI7: No
A8: PI-2024-007 | B8: Anthony Thomas | C8: Slip & Fall | D8: Alicia Reyes | E8: Allstate | F8: Closed | G8: 7. Closed | H8: 46266.55 | I8: 47500 | J8: 0.4 | K8: 14250 | L8: 13615.06 | M8: 45380 | N8: 45487 | O8: 45515 | P8: 45530 | Q8: 45587 | R8: 45913 | S8: 45933 | T8: 107 | U8: 28 | V8: 15 | W8: 57 | X8: 326 | Y8: 20 | Z8: 150 | AA8: 553 | AB8: 35 | AC8: 85 | AD8: 634.94 | AE8: 4.5 | AF8: 19000 | AG8: 14884.94 | AH8: Yes | AI8: No | AJ8: Adjuster Offer
A9: PI-2024-008 | B9: Sofia Garcia | C9: Motor Vehicle Accident | D9: Marcus Bell | E9: State Farm | F9: Closed | G9: 7. Closed | H9: 7375.88 | I9: 11500 | J9: 0.33 | K9: 3450 | L9: 3137.74 | M9: 45383 | N9: 45492 | O9: 45518 | P9: 45538 | Q9: 45580 | R9: 45606 | S9: 45658 | T9: 109 | U9: 26 | V9: 20 | W9: 42 | X9: 26 | Y9: 52 | Z9: 155 | AA9: 275 | AB9: 72 | AC9: 68 | AD9: 312.26 | AE9: 9.1 | AF9: 3795 | AG9: 4567.26 | AH9: No | AI9: No
A10: PI-2024-009 | B10: Robert Lopez | C10: Dog Bite | D10: Daniel Kowalski | E10: Liberty Mutual | F10: Closed | G10: 7. Closed | H10: 14128.63 | I10: 32750 | J10: 0.4 | K10: 4697.03 | L10: 3151.65 | M10: 45385 | N10: 45409 | O10: 45530 | P10: 45563 | Q10: 45597 | R10: 45813 | S10: 45846 | T10: 24 | U10: 121 | V10: 33 | W10: 34 | X10: 216 | Y10: 33 | Z10: 178 | AA10: 461 | AB10: 66 | AC10: 155 | AD10: 1545.38 | AE10: 32.9 | AF10: 13100 | AG10: 16498.35 | AH10: Yes | AI10: No | AJ10: Records/Bills
A11: PI-2024-010 | B11: Patricia Harris | C11: Motor Vehicle Accident | D11: Alicia Reyes | E11: Liberty Mutual | F11: Closed | G11: 7. Closed | H11: 18335.89 | I11: 30500 | J11: 0.33 | K11: 3599.73 | L11: 3383.44 | M11: 45394 | N11: 45493 | O11: 45553 | P11: 45562 | Q11: 45622 | R11: 45700 | S11: 45717 | T11: 99 | U11: 60 | V11: 9 | W11: 60 | X11: 78 | Y11: 17 | Z11: 168 | AA11: 323 | AB11: 26 | AC11: 120 | AD11: 216.29 | AE11: 6 | AF11: 10065 | AG11: 17051.56 | AH11: Yes | AI11: No | AJ11: Records + Adjuster
A12: PI-2024-011 | B12: Anthony Reyes | C12: Pedestrian | D12: Priya Nair | E12: Progressive | F12: Closed | G12: 7. Closed | H12: 28562.46 | I12: 25000 | J12: 0.33 | K12: 5799.38 | L12: 4327.76 | M12: 45395 | N12: 45654 | O12: 45672 | P12: 45691 | Q12: 45710 | R12: 45761 | S12: 45783 | T12: 259 | U12: 18 | V12: 19 | W12: 19 | X12: 51 | Y12: 22 | Z12: 296 | AA12: 388 | AB12: 41 | AC12: 37 | AD12: 1471.62 | AE12: 25.4 | AF12: 8250 | AG12: 12422.24 | AH12: No | AI12: No
A13: PI-2024-012 | B13: Sofia Taylor | C13: Motor Vehicle Accident | D13: Priya Nair | E13: Liberty Mutual | F13: Closed | G13: 7. Closed | H13: 34681.47 | I13: 15000 | J13: 0.33 | K13: 12000 | L13: 5250 | M13: 45397 | N13: 45525 | O13: 45613 | P13: 45619 | Q13: 45660 | R13: 45713 | S13: 45740 | T13: 128 | U13: 88 | V13: 6 | W13: 41 | X13: 53 | Y13: 27 | Z13: 222 | AA13: 343 | AB13: 33 | AC13: 129 | AD13: 6750 | AE13: 56.2 | AF13: 4950 | AG13: 4800 | AH13: Yes | AI13: No | AJ13: Records/Bills
A14: PI-2024-013 | B14: Jose Lewis | C14: Motor Vehicle Accident | D14: Alicia Reyes | E14: GEICO | F14: Closed | G14: 7. Closed | H14: 24581.47 | I14: 15000 | J14: 0.33 | K14: 12000 | L14: 5250 | M14: 45399 | N14: 45467 | O14: 45492 | P14: 45521 | Q14: 45562 | R14: 45581 | S14: 45610 | T14: 68 | U14: 25 | V14: 29 | W14: 41 | X14: 19 | Y14: 29 | Z14: 122 | AA14: 211 | AB14: 58 | AC14: 66 | AD14: 6750 | AE14: 56.2 | AF14: 4950 | AG14: 4800 | AH14: No | AI14: No
A15: PI-2024-014 | B15: Jose Perez | C15: Pedestrian | D15: Jennifer Ortiz | E15: Progressive | F15: Closed | G15: 7. Closed | H15: 32949.79 | I15: 70250 | J15: 0.33 | K15: 6045.55 | L15: 5671.67 | M15: 45401 | N15: 45701 | O15: 45808 | P15: 45824 | Q15: 45851 | R15: 45892 | S15: 45922 | T15: 300 | U15: 107 | V15: 16 | W15: 27 | X15: 41 | Y15: 30 | Z15: 423 | AA15: 521 | AB15: 46 | AC15: 134 | AD15: 373.88 | AE15: 6.2 | AF15: 23182.5 | AG15: 41395.83 | AH15: Yes | AI15: No | AJ15: Records/Bills
A16: PI-2024-015 | B16: Eric Moore | C16: Motor Vehicle Accident | D16: Alicia Reyes | E16: Progressive | F16: Closed | G16: 7. Closed | H16: 43216.01 | I16: 50000 | J16: 0.33 | K16: 18212.34 | L16: 12769.89 | M16: 45405 | N16: 45573 | O16: 45617 | P16: 45634 | Q16: 45653 | R16: 45672 | S16: 45706 | T16: 168 | U16: 44 | V16: 17 | W16: 19 | X16: 19 | Y16: 34 | Z16: 229 | AA16: 301 | AB16: 51 | AC16: 63 | AD16: 5442.45 | AE16: 29.9 | AF16: 16500 | AG16: 20730.11 | AH16: No | AI16: No
A17: PI-2024-016 | B17: Monica Torres | C17: Slip & Fall | D17: Alicia Reyes | E17: Allstate | F17: Closed | G17: 7. Closed | H17: 38205.42 | I17: 71000 | J17: 0.33 | K17: 15770.49 | L17: 10602.83 | M17: 45405 | N17: 45613 | O17: 45634 | P17: 45651 | Q17: 45737 | R17: 45747 | S17: 45783 | T17: 208 | U17: 21 | V17: 17 | W17: 86 | X17: 10 | Y17: 36 | Z17: 246 | AA17: 378 | AB17: 53 | AC17: 107 | AD17: 5167.66 | AE17: 32.8 | AF17: 23430 | AG17: 36967.17 | AH17: Yes | AI17: No | AJ17: Adjuster Offer
A18: PI-2024-017 | B18: Andre Walker | C18: Motor Vehicle Accident | D18: Jennifer Ortiz | E18: State Farm | F18: Closed | G18: 7. Closed | H18: 37463.94 | I18: 50000 | J18: 0.33 | K18: 13078.02 | L18: 8010.94 | M18: 45408 | N18: 45506 | O18: 45572 | P18: 45614 | Q18: 45661 | R18: 45727 | S18: 45751 | T18: 98 | U18: 66 | V18: 42 | W18: 47 | X18: 66 | Y18: 24 | Z18: 206 | AA18: 343 | AB18: 66 | AC18: 113 | AD18: 5067.08 | AE18: 38.7 | AF18: 16500 | AG18: 25489.06 | AH18: Yes | AI18: No | AJ18: Records + Adjuster
A19: PI-2024-018 | B19: Angela Perez | C19: Slip & Fall | D19: Alicia Reyes | E19: Liberty Mutual | F19: Closed | G19: 7. Closed | H19: 53743.48 | I19: 100000 | J19: 0.33 | K19: 11540.78 | L19: 6480.88 | M19: 45409 | N19: 45502 | O19: 45518 | P19: 45527 | Q19: 45565 | R19: 45596 | S19: 45630 | T19: 93 | U19: 16 | V19: 9 | W19: 38 | X19: 31 | Y19: 34 | Z19: 118 | AA19: 221 | AB19: 43 | AC19: 54 | AD19: 5059.9 | AE19: 43.8 | AF19: 33000 | AG19: 60519.12 | AH19: No | AI19: No
A20: PI-2024-019 | B20: Kevin Gonzalez | C20: Slip & Fall | D20: Jennifer Ortiz | E20: Liberty Mutual | F20: Closed | G20: 7. Closed | H20: 3228.94 | I20: 4000 | J20: 0.33 | K20: 581.39 | L20: 448.4 | M20: 45417 | N20: 45557 | O20: 45568 | P20: 45581 | Q20: 45619 | R20: 45703 | S20: 45721 | T20: 140 | U20: 11 | V20: 13 | W20: 38 | X20: 84 | Y20: 18 | Z20: 164 | AA20: 304 | AB20: 31 | AC20: 49 | AD20: 132.99 | AE20: 22.9 | AF20: 1320 | AG20: 2231.6 | AH20: No | AI20: No
A21: PI-2024-020 | B21: James Clark | C21: Dog Bite | D21: Priya Nair | E21: State Farm | F21: Closed | G21: 7. Closed | H21: 10155.15 | I21: 16000 | J21: 0.33 | K21: 1753.27 | L21: 757.12 | M21: 45427 | N21: 45496 | O21: 45539 | P21: 45543 | Q21: 45565 | R21: 45587 | S21: 45610 | T21: 69 | U21: 43 | V21: 4 | W21: 22 | X21: 22 | Y21: 23 | Z21: 116 | AA21: 183 | AB21: 27 | AC21: 65 | AD21: 996.15 | AE21: 56.8 | AF21: 5280 | AG21: 9962.88 | AH21: No | AI21: No
A22: PI-2024-021 | B22: Anthony Johnson | C22: Slip & Fall | D22: Marcus Bell | E22: Liberty Mutual | F22: Closed | G22: 7. Closed | H22: 15837.74 | I22: 23750 | J22: 0.33 | K22: 7153.3 | L22: 6278.04 | M22: 45429 | N22: 45691 | O22: 45702 | P22: 45713 | Q22: 45749 | R22: 45812 | S22: 45861 | T22: 262 | U22: 11 | V22: 11 | W22: 36 | X22: 63 | Y22: 49 | Z22: 284 | AA22: 432 | AB22: 60 | AC22: 47 | AD22: 875.26 | AE22: 12.2 | AF22: 7837.5 | AG22: 9634.46 | AH22: No | AI22: No
A23: PI-2024-022 | B23: Keisha Hernandez | C23: Motor Vehicle Accident | D23: Daniel Kowalski | E23: GEICO | F23: Closed | G23: 7. Closed | H23: 6942.58 | I23: 9250 | J23: 0.33 | K23: 2376.16 | L23: 2246.19 | M23: 45429 | N23: 45695 | O23: 45718 | P23: 45729 | Q23: 45759 | R23: 45799 | S23: 45837 | T23: 266 | U23: 23 | V23: 11 | W23: 30 | X23: 40 | Y23: 38 | Z23: 300 | AA23: 408 | AB23: 49 | AC23: 53 | AD23: 129.97 | AE23: 5.5 | AF23: 3052.5 | AG23: 3951.31 | AH23: No | AI23: No
A24: PI-2024-023 | B24: Sofia Lewis | C24: Motor Vehicle Accident | D24: Jennifer Ortiz | E24: Allstate | F24: Closed | G24: 7. Closed | H24: 40247.36 | I24: 50000 | J24: 0.33 | K24: 12841.84 | L24: 9401.38 | M24: 45430 | N24: 45515 | O24: 45598 | P24: 45609 | Q24: 45650 | R24: 45662 | S24: 45700 | T24: 85 | U24: 83 | V24: 11 | W24: 41 | X24: 12 | Y24: 38 | Z24: 179 | AA24: 270 | AB24: 49 | AC24: 124 | AD24: 3440.46 | AE24: 26.8 | AF24: 16500 | AG24: 24098.62 | AH24: Yes | AI24: No | AJ24: Records/Bills
A25: PI-2024-024 | B25: Luis Perez | C25: Dog Bite | D25: Daniel Kowalski | E25: Liberty Mutual | F25: Closed | G25: 7. Closed | H25: 7086 | I25: 20250 | J25: 0.33 | K25: 2441.82 | L25: 1435.23 | M25: 45431 | N25: 45490 | O25: 45507 | P25: 45513 | Q25: 45579 | R25: 45588 | S25: 45629 | T25: 59 | U25: 17 | V25: 6 | W25: 66 | X25: 9 | Y25: 41 | Z25: 82 | AA25: 198 | AB25: 47 | AC25: 83 | AD25: 1006.59 | AE25: 41.2 | AF25: 6682.5 | AG25: 12132.27 | AH25: Yes | AI25: No | AJ25: Adjuster Offer
A26: PI-2024-025 | B26: Carlos Sanchez | C26: Motor Vehicle Accident | D26: Priya Nair | E26: GEICO | F26: Closed | G26: 7. Closed | H26: 19227.46 | I26: 25000 | J26: 0.33 | K26: 2046.19 | L26: 1633.28 | M26: 45436 | N26: 45796 | O26: 45880 | P26: 45884 | Q26: 45922 | R26: 45940 | S26: 45965 | T26: 360 | U26: 84 | V26: 4 | W26: 38 | X26: 18 | Y26: 25 | Z26: 448 | AA26: 529 | AB26: 29 | AC26: 122 | AD26: 412.91 | AE26: 20.2 | AF26: 8250 | AG26: 15116.72 | AH26: Yes | AI26: No | AJ26: Records/Bills
A27: PI-2024-026 | B27: Jose Walker | C27: Motor Vehicle Accident | D27: Alicia Reyes | E27: Progressive | F27: Closed | G27: 7. Closed | H27: 11138.84 | I27: 34000 | J27: 0.33 | K27: 8020.12 | L27: 7775.81 | M27: 45436 | N27: 45549 | O27: 45565 | P27: 45574 | Q27: 45614 | R27: 45628 | S27: 45645 | T27: 113 | U27: 16 | V27: 9 | W27: 40 | X27: 14 | Y27: 17 | Z27: 138 | AA27: 209 | AB27: 26 | AC27: 56 | AD27: 244.31 | AE27: 3 | AF27: 11220 | AG27: 15004.19 | AH27: No | AI27: No
A28: PI-2024-027 | B28: Keisha Wilson | C28: Motor Vehicle Accident | D28: Daniel Kowalski | E28: State Farm | F28: Closed | G28: 7. Closed | H28: 36683.46 | I28: 15000 | J28: 0.33 | K28: 11682.58 | L28: 5250 | M28: 45456 | N28: 45670 | O28: 45685 | P28: 45702 | Q28: 45712 | R28: 45723 | S28: 45760 | T28: 214 | U28: 15 | V28: 17 | W28: 10 | X28: 11 | Y28: 37 | Z28: 246 | AA28: 304 | AB28: 54 | AC28: 25 | AD28: 6432.58 | AE28: 55.1 | AF28: 4950 | AG28: 4800 | AH28: No | AI28: No
A29: PI-2024-028 | B29: Jennifer Martinez | C29: Motor Vehicle Accident | D29: Marcus Bell | E29: Allstate | F29: Closed | G29: 7. Closed | H29: 13463.18 | I29: 14750 | J29: 0.33 | K29: 4487.79 | L29: 3762.15 | M29: 45457 | N29: 45656 | O29: 45667 | P29: 45679 | Q29: 45713 | R29: 45728 | S29: 45771 | T29: 199 | U29: 11 | V29: 12 | W29: 34 | X29: 15 | Y29: 43 | Z29: 222 | AA29: 314 | AB29: 55 | AC29: 45 | AD29: 725.64 | AE29: 16.2 | AF29: 4867.5 | AG29: 6120.35 | AH29: No | AI29: No
A30: PI-2024-029 | B30: Jennifer Johnson | C30: Slip & Fall | D30: Priya Nair | E30: Allstate | F30: Closed | G30: 7. Closed | H30: 54278.7 | I30: 60250 | J30: 0.33 | K30: 11840.25 | L30: 9626.71 | M30: 45458 | N30: 45537 | O30: 45551 | P30: 45564 | Q30: 45640 | R30: 45659 | S30: 45674 | T30: 79 | U30: 14 | V30: 13 | W30: 76 | X30: 19 | Y30: 15 | Z30: 106 | AA30: 216 | AB30: 28 | AC30: 90 | AD30: 2213.54 | AE30: 18.7 | AF30: 19882.5 | AG30: 30740.79 | AH30: Yes | AI30: No | AJ30: Adjuster Offer
A31: PI-2024-030 | B31: Marcus Gonzalez | C31: Slip & Fall | D31: Priya Nair | E31: Liberty Mutual | F31: Closed | G31: 7. Closed | H31: 13005.67 | I31: 26000 | J31: 0.4 | K31: 4383.75 | L31: 3155.73 | M31: 45459 | N31: 45492 | O31: 45547 | P31: 45554 | Q31: 45595 | R31: 46015 | S31: 46039 | T31: 33 | U31: 55 | V31: 7 | W31: 41 | X31: 420 | Y31: 24 | Z31: 95 | AA31: 580 | AB31: 31 | AC31: 96 | AD31: 1228.02 | AE31: 28 | AF31: 10400 | AG31: 12444.27 | AH31: Yes | AI31: No | AJ31: Records/Bills
A32: PI-2024-031 | B32: Andre Gonzalez | C32: Motor Vehicle Accident | D32: Priya Nair | E32: Progressive | F32: Closed | G32: 7. Closed | H32: 14408.91 | I32: 22250 | J32: 0.33 | K32: 8268.99 | L32: 2400.52 | M32: 45462 | N32: 45631 | O32: 45681 | P32: 45692 | Q32: 45746 | R32: 45770 | S32: 45810 | T32: 169 | U32: 50 | V32: 11 | W32: 54 | X32: 24 | Y32: 40 | Z32: 230 | AA32: 348 | AB32: 51 | AC32: 104 | AD32: 5868.47 | AE32: 71 | AF32: 7342.5 | AG32: 12506.98 | AH32: Yes | AI32: No | AJ32: Records + Adjuster
A33: PI-2024-032 | B33: Monica Clark | C33: Slip & Fall | D33: Alicia Reyes | E33: Allstate | F33: Closed | G33: 7. Closed | H33: 16632.04 | I33: 32750 | J33: 0.33 | K33: 4757.78 | L33: 2362.57 | M33: 45466 | N33: 45652 | O33: 45665 | P33: 45680 | Q33: 45718 | R33: 45733 | S33: 45759 | T33: 186 | U33: 13 | V33: 15 | W33: 38 | X33: 15 | Y33: 26 | Z33: 214 | AA33: 293 | AB33: 41 | AC33: 51 | AD33: 2395.21 | AE33: 50.3 | AF33: 10807.5 | AG33: 19579.93 | AH33: No | AI33: No
A34: PI-2024-033 | B34: Stephanie Rodriguez | C34: Motor Vehicle Accident | D34: Daniel Kowalski | E34: Liberty Mutual | F34: Closed | G34: 7. Closed | H34: 39447.72 | I34: 73500 | J34: 0.33 | K34: 4671.1 | L34: 2518.15 | M34: 45469 | N34: 45639 | O34: 45660 | P34: 45676 | Q34: 45712 | R34: 45748 | S34: 45794 | T34: 170 | U34: 21 | V34: 16 | W34: 36 | X34: 36 | Y34: 46 | Z34: 207 | AA34: 325 | AB34: 62 | AC34: 57 | AD34: 2152.95 | AE34: 46.1 | AF34: 24255 | AG34: 46726.85 | AH34: No | AI34: No
A35: PI-2024-034 | B35: Tiffany Ramirez | C35: Pedestrian | D35: Daniel Kowalski | E35: State Farm | F35: Closed | G35: 7. Closed | H35: 35131.01 | I35: 15000 | J35: 0.4 | K35: 0 | L35: 0 | M35: 45470 | N35: 45658 | O35: 45669 | P35: 45678 | Q35: 45722 | R35: 46101 | S35: 46130 | T35: 188 | U35: 11 | V35: 9 | W35: 44 | X35: 379 | Y35: 29 | Z35: 208 | AA35: 660 | AB35: 38 | AC35: 55 | AD35: 0 | AF35: 6000 | AG35: 9000 | AH35: No | AI35: No
A36: PI-2024-035 | B36: Robert Rodriguez | C36: Dog Bite | D36: Jennifer Ortiz | E36: State Farm | F36: Closed | G36: 7. Closed | H36: 6654.64 | I36: 9250 | J36: 0.33 | K36: 1833.06 | L36: 561.15 | M36: 45475 | N36: 45563 | O36: 45591 | P36: 45601 | Q36: 45695 | R36: 45729 | S36: 45756 | T36: 88 | U36: 28 | V36: 10 | W36: 94 | X36: 34 | Y36: 27 | Z36: 126 | AA36: 281 | AB36: 37 | AC36: 122 | AD36: 1271.91 | AE36: 69.4 | AF36: 3052.5 | AG36: 5636.35 | AH36: Yes | AI36: No | AJ36: Adjuster Offer
A37: PI-2024-036 | B37: Ashley Jackson | C37: Motor Vehicle Accident | D37: Alicia Reyes | E37: Allstate | F37: Closed | G37: 7. Closed | H37: 35068.13 | I37: 50000 | J37: 0.33 | K37: 15000 | L37: 14387.88 | M37: 45476 | N37: 45758 | O37: 45766 | P37: 45772 | Q37: 45799 | R37: 45816 | S37: 45836 | T37: 282 | U37: 8 | V37: 6 | W37: 27 | X37: 17 | Y37: 20 | Z37: 296 | AA37: 360 | AB37: 26 | AC37: 35 | AD37: 612.12 | AE37: 4.1 | AF37: 16500 | AG37: 19112.12 | AH37: No | AI37: No
A38: PI-2024-037 | B38: Lauren Clark | C38: Motor Vehicle Accident | D38: Daniel Kowalski | E38: Progressive | F38: Closed | G38: 7. Closed | H38: 9431.25 | I38: 22500 | J38: 0.33 | K38: 2132.7 | L38: 627.45 | M38: 45481 | N38: 45679 | O38: 45744 | P38: 45756 | Q38: 45796 | R38: 45809 | S38: 45850 | T38: 198 | U38: 65 | V38: 12 | W38: 40 | X38: 13 | Y38: 41 | Z38: 275 | AA38: 369 | AB38: 53 | AC38: 105 | AD38: 1505.25 | AE38: 70.6 | AF38: 7425 | AG38: 14447.55 | AH38: Yes | AI38: No | AJ38: Records/Bills
A39: PI-2024-038 | B39: Jose Taylor | C39: Dog Bite | D39: Daniel Kowalski | E39: State Farm | F39: Closed | G39: 7. Closed | H39: 33182.07 | I39: 70750 | J39: 0.4 | K39: 8175.04 | L39: 5646.58 | M39: 45482 | N39: 45566 | O39: 45603 | P39: 45617 | Q39: 45632 | R39: 45889 | S39: 45931 | T39: 84 | U39: 37 | V39: 14 | W39: 15 | X39: 257 | Y39: 42 | Z39: 135 | AA39: 449 | AB39: 56 | AC39: 52 | AD39: 2528.46 | AE39: 30.9 | AF39: 28300 | AG39: 36803.42 | AH39: No | AI39: No
A40: PI-2024-039 | B40: Patricia Lewis | C40: Pedestrian | D40: Jennifer Ortiz | E40: State Farm | F40: Closed | G40: 7. Closed | H40: 33096.13 | I40: 12000 | J40: 0.33 | K40: 6958.75 | L40: 4200 | M40: 45486 | N40: 45634 | O40: 45662 | P40: 45680 | Q40: 45725 | R40: 45794 | S40: 45820 | T40: 148 | U40: 28 | V40: 18 | W40: 45 | X40: 69 | Y40: 26 | Z40: 194 | AA40: 334 | AB40: 44 | AC40: 73 | AD40: 2758.75 | AE40: 39.6 | AF40: 3960 | AG40: 3840 | AH40: No | AI40: No
A41: PI-2024-040 | B41: Kevin Jackson | C41: Motor Vehicle Accident | D41: Marcus Bell | E41: Liberty Mutual | F41: Closed | G41: 7. Closed | H41: 18221.09 | I41: 61250 | J41: 0.4 | K41: 4817.74 | L41: 1863.48 | M41: 45496 | N41: 45598 | O41: 45684 | P41: 45706 | Q41: 45736 | R41: 46006 | S41: 46041 | T41: 102 | U41: 86 | V41: 22 | W41: 30 | X41: 270 | Y41: 35 | Z41: 210 | AA41: 545 | AB41: 57 | AC41: 116 | AD41: 2954.26 | AE41: 61.3 | AF41: 24500 | AG41: 34886.52 | AH41: Yes | AI41: No | AJ41: Records/Bills
A42: PI-2024-041 | B42: Jose Jackson | C42: Motor Vehicle Accident | D42: Jennifer Ortiz | E42: State Farm | F42: Closed | G42: 7. Closed | H42: 9038.89 | I42: 23500 | J42: 0.33 | K42: 2975.96 | L42: 1362.45 | M42: 45500 | N42: 45579 | O42: 45602 | P42: 45614 | Q42: 45631 | R42: 45661 | S42: 45676 | T42: 79 | U42: 23 | V42: 12 | W42: 17 | X42: 30 | Y42: 15 | Z42: 114 | AA42: 176 | AB42: 27 | AC42: 40 | AD42: 1613.51 | AE42: 54.2 | AF42: 7755 | AG42: 14382.55 | AH42: No | AI42: No
A43: PI-2024-042 | B43: Angela White | C43: Motor Vehicle Accident | D43: Priya Nair | E43: State Farm | F43: Closed | G43: 7. Closed | H43: 83650.82 | I43: 42000 | J43: 0.33 | K43: 12600 | L43: 11842.56 | M43: 45508 | N43: 45649 | O43: 45669 | P43: 45680 | Q43: 45753 | R43: 45774 | S43: 45806 | T43: 141 | U43: 20 | V43: 11 | W43: 73 | X43: 21 | Y43: 32 | Z43: 172 | AA43: 298 | AB43: 43 | AC43: 93 | AD43: 757.44 | AE43: 6 | AF43: 13860 | AG43: 16297.44 | AH43: Yes | AI43: No | AJ43: Adjuster Offer
A44: PI-2024-043 | B44: Patricia Gonzalez | C44: Motor Vehicle Accident | D44: Alicia Reyes | E44: GEICO | F44: Closed | G44: 7. Closed | H44: 38581.17 | I44: 15000 | J44: 0.33 | K44: 4457.51 | L44: 2794.05 | M44: 45509 | N44: 45865 | O44: 45889 | P44: 45895 | Q44: 45926 | R44: 45968 | S44: 46005 | T44: 356 | U44: 24 | V44: 6 | W44: 31 | X44: 42 | Y44: 37 | Z44: 386 | AA44: 496 | AB44: 43 | AC44: 55 | AD44: 1663.46 | AE44: 37.3 | AF44: 4950 | AG44: 7255.95 | AH44: No | AI44: No
A45: PI-2024-044 | B45: Brian Walker | C45: Motor Vehicle Accident | D45: Priya Nair | E45: State Farm | F45: Closed | G45: 7. Closed | H45: 53616.72 | I45: 100000 | J45: 0.4 | K45: 15886.54 | L45: 10090.93 | M45: 45512 | N45: 45577 | O45: 45601 | P45: 45616 | Q45: 45670 | R45: 45925 | S45: 45990 | T45: 65 | U45: 24 | V45: 15 | W45: 54 | X45: 255 | Y45: 65 | Z45: 104 | AA45: 478 | AB45: 80 | AC45: 78 | AD45: 5795.61 | AE45: 36.5 | AF45: 40000 | AG45: 49909.07 | AH45: Yes | AI45: No | AJ45: Adjuster Offer
A46: PI-2024-045 | B46: Patricia Jackson | C46: Slip & Fall | D46: Priya Nair | E46: Allstate | F46: Closed | G46: 7. Closed | H46: 45972.4 | I46: 74000 | J46: 0.4 | K46: 14319.48 | L46: 8334.99 | M46: 45514 | N46: 45681 | O46: 45689 | P46: 45707 | Q46: 45739 | R46: 46159 | S46: 46189 | T46: 167 | U46: 8 | V46: 18 | W46: 32 | X46: 420 | Y46: 30 | Z46: 193 | AA46: 675 | AB46: 48 | AC46: 40 | AD46: 5984.49 | AE46: 41.8 | AF46: 29600 | AG46: 36065.01 | AH46: No | AI46: No
A47: PI-2024-046 | B47: Rachel Flores | C47: Motor Vehicle Accident | D47: Marcus Bell | E47: GEICO | F47: Closed | G47: 7. Closed | H47: 13246.08 | I47: 21250 | J47: 0.33 | K47: 2606.79 | L47: 2424.82 | M47: 45516 | N47: 45614 | O47: 45620 | P47: 45636 | Q47: 45650 | R47: 45701 | S47: 45734 | T47: 98 | U47: 6 | V47: 16 | W47: 14 | X47: 51 | Y47: 33 | Z47: 120 | AA47: 218 | AB47: 49 | AC47: 20 | AD47: 181.97 | AE47: 7 | AF47: 7012.5 | AG47: 11812.68 | AH47: No | AI47: No
A48: PI-2024-047 | B48: Angela Gonzalez | C48: Motor Vehicle Accident | D48: Jennifer Ortiz | E48: Progressive | F48: Closed | G48: 7. Closed | H48: 76581.33 | I48: 25000 | J48: 0.33 | K48: 16480.05 | L48: 8750 | M48: 45517 | N48: 45754 | O48: 45818 | P48: 45842 | Q48: 45902 | R48: 45956 | S48: 45997 | T48: 237 | U48: 64 | V48: 24 | W48: 60 | X48: 54 | Y48: 41 | Z48: 325 | AA48: 480 | AB48: 65 | AC48: 124 | AD48: 7730.05 | AE48: 46.9 | AF48: 8250 | AG48: 8000 | AH48: Yes | AI48: No | AJ48: Records + Adjuster
A49: PI-2024-048 | B49: Brian Wilson | C49: Motor Vehicle Accident | D49: Jennifer Ortiz | E49: GEICO | F49: Closed | G49: 7. Closed | H49: 18816.64 | I49: 25000 | J49: 0.4 | K49: 5569.12 | L49: 4721.09 | M49: 45518 | N49: 45796 | O49: 45811 | P49: 45820 | Q49: 45848 | R49: 46268 | S49: 46304 | T49: 278 | U49: 15 | V49: 9 | W49: 28 | X49: 420 | Y49: 36 | Z49: 302 | AA49: 786 | AB49: 45 | AC49: 43 | AD49: 848.03 | AE49: 15.2 | AF49: 10000 | AG49: 10278.91 | AH49: No | AI49: No
A50: PI-2024-049 | B50: Rachel Torres | C50: Slip & Fall | D50: Jennifer Ortiz | E50: Liberty Mutual | F50: Closed | G50: 7. Closed | H50: 32711.57 | I50: 66500 | J50: 0.33 | K50: 17290.99 | L50: 17105.66 | M50: 45519 | N50: 45568 | O50: 45595 | P50: 45615 | Q50: 45646 | R50: 45664 | S50: 45698 | T50: 49 | U50: 27 | V50: 20 | W50: 31 | X50: 18 | Y50: 34 | Z50: 96 | AA50: 179 | AB50: 54 | AC50: 58 | AD50: 185.33 | AE50: 1.1 | AF50: 21945 | AG50: 27449.34 | AH50: No | AI50: No
A51: PI-2024-050 | B51: Jose Brown | C51: Pedestrian | D51: Marcus Bell | E51: GEICO | F51: Closed | G51: 7. Closed | H51: 46601.49 | I51: 85000 | J51: 0.33 | K51: 23673.3 | L51: 15781.35 | M51: 45521 | N51: 45595 | O51: 45614 | P51: 45623 | Q51: 45636 | R51: 45667 | S51: 45712 | T51: 74 | U51: 19 | V51: 9 | W51: 13 | X51: 31 | Y51: 45 | Z51: 102 | AA51: 191 | AB51: 54 | AC51: 32 | AD51: 7891.95 | AE51: 33.3 | AF51: 28050 | AG51: 41168.65 | AH51: No | AI51: No
A52: PI-2024-051 | B52: Carlos Taylor | C52: Pedestrian | D52: Daniel Kowalski | E52: Progressive | F52: Closed | G52: 7. Closed | H52: 68476.69 | I52: 84250 | J52: 0.33 | K52: 14565.6 | L52: 3928.27 | M52: 45522 | N52: 45621 | O52: 45649 | P52: 45662 | Q52: 45704 | R52: 45723 | S52: 45770 | T52: 99 | U52: 28 | V52: 13 | W52: 42 | X52: 19 | Y52: 47 | Z52: 140 | AA52: 248 | AB52: 60 | AC52: 70 | AD52: 10637.33 | AE52: 73 | AF52: 27802.5 | AG52: 52519.23 | AH52: No | AI52: No
A53: PI-2024-052 | B53: Ashley Nguyen | C53: Motor Vehicle Accident | D53: Alicia Reyes | E53: Liberty Mutual | F53: Closed | G53: 7. Closed | H53: 7894.69 | I53: 10250 | J53: 0.4 | K53: 3238.75 | L53: 2155.16 | M53: 45523 | N53: 45614 | O53: 45625 | P53: 45637 | Q53: 45691 | R53: 46095 | S53: 46114 | T53: 91 | U53: 11 | V53: 12 | W53: 54 | X53: 404 | Y53: 19 | Z53: 114 | AA53: 591 | AB53: 31 | AC53: 65 | AD53: 1083.59 | AE53: 33.5 | AF53: 4100 | AG53: 3994.84 | AH53: Yes | AI53: No | AJ53: Adjuster Offer
A54: PI-2024-053 | B54: Victor Moore | C54: Motor Vehicle Accident | D54: Daniel Kowalski | E54: State Farm | F54: Closed | G54: 7. Closed | H54: 15983.38 | I54: 25750 | J54: 0.33 | K54: 5189.07 | L54: 2912.88 | M54: 45534 | N54: 45623 | O54: 45651 | P54: 45667 | Q54: 45747 | R54: 45800 | S54: 45826 | T54: 89 | U54: 28 | V54: 16 | W54: 80 | X54: 53 | Y54: 26 | Z54: 133 | AA54: 292 | AB54: 42 | AC54: 108 | AD54: 2276.19 | AE54: 43.9 | AF54: 8497.5 | AG54: 14339.62 | AH54: Yes | AI54: No | AJ54: Adjuster Offer
A55: PI-2024-054 | B55: Keisha Rodriguez | C55: Slip & Fall | D55: Alicia Reyes | E55: Allstate | F55: Closed | G55: 7. Closed | H55: 9909.21 | I55: 14750 | J55: 0.33 | K55: 0 | L55: 0 | M55: 45537 | N55: 45589 | O55: 45665 | P55: 45682 | Q55: 45778 | R55: 45791 | S55: 45818 | T55: 52 | U55: 76 | V55: 17 | W55: 96 | X55: 13 | Y55: 27 | Z55: 145 | AA55: 281 | AB55: 44 | AC55: 172 | AD55: 0 | AF55: 4867.5 | AG55: 9882.5 | AH55: Yes | AI55: No | AJ55: Records + Adjuster
A56: PI-2024-055 | B56: Rachel Brown | C56: Slip & Fall | D56: Jennifer Ortiz | E56: Allstate | F56: Closed | G56: 7. Closed | H56: 18842.24 | I56: 28500 | J56: 0.33 | K56: 5825.93 | L56: 3481.23 | M56: 45540 | N56: 45582 | O56: 45611 | P56: 45633 | Q56: 45654 | R56: 45672 | S56: 45710 | T56: 42 | U56: 29 | V56: 22 | W56: 21 | X56: 18 | Y56: 38 | Z56: 93 | AA56: 170 | AB56: 60 | AC56: 50 | AD56: 2344.7 | AE56: 40.2 | AF56: 9405 | AG56: 15613.77 | AH56: No | AI56: No
A57: PI-2024-056 | B57: David Taylor | C57: Pedestrian | D57: Jennifer Ortiz | E57: Allstate | F57: Closed | G57: 7. Closed | H57: 33687.68 | I57: 55750 | J57: 0.33 | K57: 12678.99 | L57: 11083.4 | M57: 45542 | N57: 45789 | O57: 45813 | P57: 45830 | Q57: 45847 | R57: 45885 | S57: 45913 | T57: 247 | U57: 24 | V57: 17 | W57: 17 | X57: 38 | Y57: 28 | Z57: 288 | AA57: 371 | AB57: 45 | AC57: 41 | AD57: 1595.59 | AE57: 12.6 | AF57: 18397.5 | AG57: 26269.1 | AH57: No | AI57: No
A58: PI-2024-057 | B58: Eric Martinez | C58: Motor Vehicle Accident | D58: Daniel Kowalski | E58: Allstate | F58: Closed | G58: 7. Closed | H58: 12700.3 | I58: 16750 | J58: 0.33 | K58: 1987.83 | L58: 1357.56 | M58: 45543 | N58: 45705 | O58: 45715 | P58: 45751 | Q58: 45769 | R58: 45781 | S58: 45812 | T58: 162 | U58: 10 | V58: 36 | W58: 18 | X58: 12 | Y58: 31 | Z58: 208 | AA58: 269 | AB58: 67 | AC58: 28 | AD58: 630.27 | AE58: 31.7 | AF58: 5527.5 | AG58: 9864.94 | AH58: No | AI58: No
A59: PI-2024-058 | B59: Ashley Williams | C59: Slip & Fall | D59: Alicia Reyes | E59: Liberty Mutual | F59: Closed | G59: 7. Closed | H59: 23731.95 | I59: 33000 | J59: 0.4 | K59: 7189.91 | L59: 3728.81 | M59: 45545 | N59: 45683 | O59: 45716 | P59: 45729 | Q59: 45761 | R59: 45977 | S59: 46010 | T59: 138 | U59: 33 | V59: 13 | W59: 32 | X59: 216 | Y59: 33 | Z59: 184 | AA59: 465 | AB59: 46 | AC59: 65 | AD59: 3461.1 | AE59: 48.1 | AF59: 13200 | AG59: 16071.19 | AH59: No | AI59: No
A60: PI-2024-059 | B60: Carlos Ramirez | C60: Dog Bite | D60: Priya Nair | E60: State Farm | F60: Closed | G60: 7. Closed | H60: 7383.99 | I60: 15750 | J60: 0.33 | K60: 1172.83 | L60: 710.42 | M60: 45550 | N60: 45574 | O60: 45586 | P60: 45591 | Q60: 45626 | R60: 45645 | S60: 45687 | T60: 24 | U60: 12 | V60: 5 | W60: 35 | X60: 19 | Y60: 42 | Z60: 41 | AA60: 137 | AB60: 47 | AC60: 47 | AD60: 462.41 | AE60: 39.4 | AF60: 5197.5 | AG60: 9842.08 | AH60: No | AI60: No
A61: PI-2024-060 | B61: Brittany Miller | C61: Motor Vehicle Accident | D61: Jennifer Ortiz | E61: Liberty Mutual | F61: Closed | G61: 7. Closed | H61: 22666.62 | I61: 25000 | J61: 0.4 | K61: 0 | L61: 0 | M61: 45550 | N61: 45592 | O61: 45608 | P61: 45625 | Q61: 45676 | R61: 45863 | S61: 45891 | T61: 42 | U61: 16 | V61: 17 | W61: 51 | X61: 187 | Y61: 28 | Z61: 75 | AA61: 341 | AB61: 45 | AC61: 67 | AD61: 0 | AF61: 10000 | AG61: 15000 | AH61: Yes | AI61: No | AJ61: Adjuster Offer
A62: PI-2024-061 | B62: Brittany Ramirez | C62: Pedestrian | D62: Alicia Reyes | E62: Allstate | F62: Closed | G62: 7. Closed | H62: 36442.84 | I62: 25000 | J62: 0.33 | K62: 8990.07 | L62: 6959.63 | M62: 45553 | N62: 45710 | O62: 45720 | P62: 45732 | Q62: 45816 | R62: 45907 | S62: 45936 | T62: 157 | U62: 10 | V62: 12 | W62: 84 | X62: 91 | Y62: 29 | Z62: 179 | AA62: 383 | AB62: 41 | AC62: 94 | AD62: 2030.44 | AE62: 22.6 | AF62: 8250 | AG62: 9790.37 | AH62: Yes | AI62: No | AJ62: Adjuster Offer
A63: PI-2024-062 | B63: Daniel Clark | C63: Motor Vehicle Accident | D63: Jennifer Ortiz | E63: Allstate | F63: Closed | G63: 7. Closed | H63: 20216.24 | I63: 36250 | J63: 0.33 | K63: 4755.77 | L63: 3052.99 | M63: 45561 | N63: 45731 | O63: 45774 | P63: 45783 | Q63: 45814 | R63: 45862 | S63: 45887 | T63: 170 | U63: 43 | V63: 9 | W63: 31 | X63: 48 | Y63: 25 | Z63: 222 | AA63: 326 | AB63: 34 | AC63: 74 | AD63: 1702.78 | AE63: 35.8 | AF63: 11962.5 | AG63: 21234.51 | AH63: No | AI63: No
A64: PI-2024-063 | B64: Maria Johnson | C64: Dog Bite | D64: Priya Nair | E64: Liberty Mutual | F64: Closed | G64: 7. Closed | H64: 9550.45 | I64: 8500 | J64: 0.33 | K64: 922.14 | L64: 485.38 | M64: 45567 | N64: 45619 | O64: 45635 | P64: 45639 | Q64: 45722 | R64: 45753 | S64: 45797 | T64: 52 | U64: 16 | V64: 4 | W64: 83 | X64: 31 | Y64: 44 | Z64: 72 | AA64: 230 | AB64: 48 | AC64: 99 | AD64: 436.76 | AE64: 47.4 | AF64: 2805 | AG64: 5209.62 | AH64: Yes | AI64: No | AJ64: Adjuster Offer
A65: PI-2024-064 | B65: Lauren Martinez | C65: Motor Vehicle Accident | D65: Priya Nair | E65: Progressive | F65: Closed | G65: 7. Closed | H65: 41488.56 | I65: 25000 | J65: 0.33 | K65: 5587.86 | L65: 3664.56 | M65: 45568 | N65: 45726 | O65: 45754 | P65: 45766 | Q65: 45794 | R65: 45828 | S65: 45845 | T65: 158 | U65: 28 | V65: 12 | W65: 28 | X65: 34 | Y65: 17 | Z65: 198 | AA65: 277 | AB65: 29 | AC65: 56 | AD65: 1923.3 | AE65: 34.4 | AF65: 8250 | AG65: 13085.44 | AH65: No | AI65: No
A66: PI-2024-065 | B66: Maria Sanchez | C66: Motor Vehicle Accident | D66: Marcus Bell | E66: Liberty Mutual | F66: Closed | G66: 7. Closed | H66: 28856.49 | I66: 23500 | J66: 0.33 | K66: 5542.75 | L66: 5060.07 | M66: 45570 | N66: 45688 | O66: 45756 | P66: 45809 | Q66: 45837 | R66: 45850 | S66: 45883 | T66: 118 | U66: 68 | V66: 53 | W66: 28 | X66: 13 | Y66: 33 | Z66: 239 | AA66: 313 | AB66: 86 | AC66: 96 | AD66: 482.68 | AE66: 8.7 | AF66: 7755 | AG66: 10684.93 | AH66: Yes | AI66: No | AJ66: Records/Bills
A67: PI-2024-066 | B67: James Flores | C67: Motor Vehicle Accident | D67: Marcus Bell | E67: GEICO | F67: Closed | G67: 7. Closed | H67: 17253.1 | I67: 25000 | J67: 0.33 | K67: 3191.37 | L67: 3091.31 | M67: 45573 | N67: 45718 | O67: 45750 | P67: 45769 | Q67: 45791 | R67: 45824 | S67: 45863 | T67: 145 | U67: 32 | V67: 19 | W67: 22 | X67: 33 | Y67: 39 | Z67: 196 | AA67: 290 | AB67: 58 | AC67: 54 | AD67: 100.06 | AE67: 3.1 | AF67: 8250 | AG67: 13658.69 | AH67: No | AI67: No
A68: PI-2024-067 | B68: Brian Reyes | C68: Slip & Fall | D68: Marcus Bell | E68: Progressive | F68: Closed | G68: 7. Closed | H68: 73077.56 | I68: 217250 | J68: 0.33 | K68: 0 | L68: 0 | M68: 45577 | N68: 45598 | O68: 45610 | P68: 45629 | Q68: 45655 | R68: 45714 | S68: 45770 | T68: 21 | U68: 12 | V68: 19 | W68: 26 | X68: 59 | Y68: 56 | Z68: 52 | AA68: 193 | AB68: 75 | AC68: 38 | AD68: 0 | AF68: 71692.5 | AG68: 145557.5 | AH68: No | AI68: No
A69: PI-2024-068 | B69: Kevin Garcia | C69: Motor Vehicle Accident | D69: Marcus Bell | E69: Progressive | F69: Closed | G69: 7. Closed | H69: 17937 | I69: 17250 | J69: 0.33 | K69: 4834.33 | L69: 4535.02 | M69: 45577 | N69: 45668 | O69: 45689 | P69: 45701 | Q69: 45734 | R69: 45763 | S69: 45807 | T69: 91 | U69: 21 | V69: 12 | W69: 33 | X69: 29 | Y69: 44 | Z69: 124 | AA69: 230 | AB69: 56 | AC69: 54 | AD69: 299.31 | AE69: 6.2 | AF69: 5692.5 | AG69: 7022.48 | AH69: No | AI69: No
A70: PI-2024-069 | B70: Daniel Gonzalez | C70: Pedestrian | D70: Priya Nair | E70: State Farm | F70: Closed | G70: 7. Closed | H70: 169880.79 | I70: 50000 | J70: 0.33 | K70: 36502.73 | L70: 17500 | M70: 45581 | N70: 45812 | O70: 45903 | P70: 45922 | Q70: 45956 | R70: 45975 | S70: 46018 | T70: 231 | U70: 91 | V70: 19 | W70: 34 | X70: 19 | Y70: 43 | Z70: 341 | AA70: 437 | AB70: 62 | AC70: 125 | AD70: 19002.73 | AE70: 52.1 | AF70: 16500 | AG70: 16000 | AH70: Yes | AI70: No | AJ70: Records/Bills
A71: PI-2024-070 | B71: Eric Flores | C71: Slip & Fall | D71: Priya Nair | E71: Progressive | F71: Closed | G71: 7. Closed | H71: 69305.74 | I71: 135750 | J71: 0.33 | K71: 25731.71 | L71: 13972.42 | M71: 45583 | N71: 45632 | O71: 45644 | P71: 45658 | Q71: 45672 | R71: 45716 | S71: 45762 | T71: 49 | U71: 12 | V71: 14 | W71: 14 | X71: 44 | Y71: 46 | Z71: 75 | AA71: 179 | AB71: 60 | AC71: 26 | AD71: 11759.29 | AE71: 45.7 | AF71: 44797.5 | AG71: 76980.08 | AH71: No | AI71: No
A72: PI-2024-071 | B72: Sofia Hernandez | C72: Motor Vehicle Accident | D72: Priya Nair | E72: Allstate | F72: Closed | G72: 7. Closed | H72: 8473.02 | I72: 11500 | J72: 0.33 | K72: 2289.33 | L72: 2231.81 | M72: 45585 | N72: 45708 | O72: 45858 | P72: 45869 | Q72: 45911 | R72: 46031 | S72: 46049 | T72: 123 | U72: 150 | V72: 11 | W72: 42 | X72: 120 | Y72: 18 | Z72: 284 | AA72: 464 | AB72: 29 | AC72: 192 | AD72: 57.52 | AE72: 2.5 | AF72: 3795 | AG72: 5473.19 | AH72: Yes | AI72: No | AJ72: Records/Bills
A73: PI-2024-072 | B73: Angela Moore | C73: Motor Vehicle Accident | D73: Priya Nair | E73: Allstate | F73: Closed | G73: 7. Closed | H73: 6473.77 | I73: 12000 | J73: 0.33 | K73: 1444.52 | L73: 1063.44 | M73: 45591 | N73: 45708 | O73: 45735 | P73: 45743 | Q73: 45777 | R73: 45803 | S73: 45855 | T73: 117 | U73: 27 | V73: 8 | W73: 34 | X73: 26 | Y73: 52 | Z73: 152 | AA73: 264 | AB73: 60 | AC73: 61 | AD73: 381.08 | AE73: 26.4 | AF73: 3960 | AG73: 6976.56 | AH73: No | AI73: No
A74: PI-2024-073 | B74: Robert Gonzalez | C74: Motor Vehicle Accident | D74: Marcus Bell | E74: Liberty Mutual | F74: Closed | G74: 7. Closed | H74: 67750.38 | I74: 15000 | J74: 0.4 | K74: 11691.61 | L74: 5250 | M74: 45592 | N74: 45685 | O74: 45743 | P74: 45771 | Q74: 45826 | R74: 46005 | S74: 46040 | T74: 93 | U74: 58 | V74: 28 | W74: 55 | X74: 179 | Y74: 35 | Z74: 179 | AA74: 448 | AB74: 63 | AC74: 113 | AD74: 6441.61 | AE74: 55.1 | AF74: 6000 | AG74: 3750 | AH74: Yes | AI74: No | AJ74: Records + Adjuster
A75: PI-2024-074 | B75: Jennifer Nguyen | C75: Pedestrian | D75: Jennifer Ortiz | E75: Progressive | F75: Open | G75: 5. Negotiation | H75: 62426.6 | J75: 0.4 | K75: 13399.77 | M75: 45599 | N75: 45981 | O75: 45994 | P75: 45998 | Q75: 46086 | T75: 382 | U75: 13 | V75: 4 | W75: 88 | Z75: 399 | AC75: 101 | AH75: Yes | AI75: No | AJ75: Adjuster Offer
A76: PI-2024-075 | B76: Keisha Reyes | C76: Motor Vehicle Accident | D76: Alicia Reyes | E76: Progressive | F76: Closed | G76: 7. Closed | H76: 14863.3 | I76: 37250 | J76: 0.33 | K76: 5258.63 | L76: 3380.61 | M76: 45609 | N76: 45711 | O76: 45726 | P76: 45742 | Q76: 45790 | R76: 45811 | S76: 45862 | T76: 102 | U76: 15 | V76: 16 | W76: 48 | X76: 21 | Y76: 51 | Z76: 133 | AA76: 253 | AB76: 67 | AC76: 63 | AD76: 1878.02 | AE76: 35.7 | AF76: 12292.5 | AG76: 21576.89 | AH76: Yes | AI76: No | AJ76: Adjuster Offer
A77: PI-2024-076 | B77: Kevin Moore | C77: Pedestrian | D77: Jennifer Ortiz | E77: State Farm | F77: Closed | G77: 7. Closed | H77: 22641.81 | I77: 28000 | J77: 0.33 | K77: 8890.6 | L77: 6210.67 | M77: 45610 | N77: 45829 | O77: 45857 | P77: 45870 | Q77: 45904 | R77: 45956 | S77: 45983 | T77: 219 | U77: 28 | V77: 13 | W77: 34 | X77: 52 | Y77: 27 | Z77: 260 | AA77: 373 | AB77: 40 | AC77: 62 | AD77: 2679.93 | AE77: 30.1 | AF77: 9240 | AG77: 12549.33 | AH77: No | AI77: No
A78: PI-2024-077 | B78: Patricia Williams | C78: Motor Vehicle Accident | D78: Marcus Bell | E78: Allstate | F78: Closed | G78: 7. Closed | H78: 10581.59 | I78: 15500 | J78: 0.4 | K78: 1668.66 | L78: 1427.63 | M78: 45612 | N78: 45653 | O78: 45683 | P78: 45725 | Q78: 45807 | R78: 46034 | S78: 46087 | T78: 41 | U78: 30 | V78: 42 | W78: 82 | X78: 227 | Y78: 53 | Z78: 113 | AA78: 475 | AB78: 95 | AC78: 112 | AD78: 241.03 | AE78: 14.4 | AF78: 6200 | AG78: 7872.37 | AH78: Yes | AI78: No | AJ78: Adjuster Offer
A79: PI-2024-078 | B79: Robert Rivera | C79: Pedestrian | D79: Daniel Kowalski | E79: Allstate | F79: Closed | G79: 7. Closed | H79: 65079.58 | I79: 25000 | J79: 0.33 | K79: 20000 | L79: 8750 | M79: 45613 | N79: 45843 | O79: 45945 | P79: 45955 | Q79: 46010 | R79: 46028 | S79: 46084 | T79: 230 | U79: 102 | V79: 10 | W79: 55 | X79: 18 | Y79: 56 | Z79: 342 | AA79: 471 | AB79: 66 | AC79: 157 | AD79: 11250 | AE79: 56.2 | AF79: 8250 | AG79: 8000 | AH79: Yes | AI79: No | AJ79: Records + Adjuster
A80: PI-2024-079 | B80: Linda Wilson | C80: Pedestrian | D80: Priya Nair | E80: State Farm | F80: Closed | G80: 7. Closed | H80: 51508.68 | I80: 50000 | J80: 0.33 | K80: 15000 | L80: 14124.6 | M80: 45622 | N80: 45710 | O80: 45726 | P80: 45743 | Q80: 45788 | R80: 45839 | S80: 45880 | T80: 88 | U80: 16 | V80: 17 | W80: 45 | X80: 51 | Y80: 41 | Z80: 121 | AA80: 258 | AB80: 58 | AC80: 61 | AD80: 875.4 | AE80: 5.8 | AF80: 16500 | AG80: 19375.4 | AH80: No | AI80: No
A81: PI-2024-080 | B81: Sofia Clark | C81: Pedestrian | D81: Daniel Kowalski | E81: Allstate | F81: Closed | G81: 7. Closed | H81: 56937.58 | I81: 15000 | J81: 0.33 | K81: 12000 | L81: 5250 | M81: 45624 | N81: 45873 | O81: 45890 | P81: 45916 | Q81: 46003 | R81: 46033 | S81: 46076 | T81: 249 | U81: 17 | V81: 26 | W81: 87 | X81: 30 | Y81: 43 | Z81: 292 | AA81: 452 | AB81: 69 | AC81: 104 | AD81: 6750 | AE81: 56.2 | AF81: 4950 | AG81: 4800 | AH81: Yes | AI81: No | AJ81: Adjuster Offer
A82: PI-2024-081 | B82: Stephanie Reyes | C82: Slip & Fall | D82: Marcus Bell | E82: Liberty Mutual | F82: Closed | G82: 7. Closed | H82: 18963.86 | I82: 43000 | J82: 0.33 | K82: 5478.42 | L82: 3786.58 | M82: 45624 | N82: 45847 | O82: 45856 | P82: 45881 | Q82: 45906 | R82: 45958 | S82: 46016 | T82: 223 | U82: 9 | V82: 25 | W82: 25 | X82: 52 | Y82: 58 | Z82: 257 | AA82: 392 | AB82: 83 | AC82: 34 | AD82: 1691.84 | AE82: 30.9 | AF82: 14190 | AG82: 25023.42 | AH82: No | AI82: No
A83: PI-2024-082 | B83: Tiffany Williams | C83: Slip & Fall | D83: Jennifer Ortiz | E83: Liberty Mutual | F83: Closed | G83: 7. Closed | H83: 19461.68 | I83: 27500 | J83: 0.33 | K83: 3953.08 | L83: 2404.4 | M83: 45624 | N83: 45793 | O83: 45804 | P83: 45844 | Q83: 45870 | R83: 45916 | S83: 45976 | T83: 169 | U83: 11 | V83: 40 | W83: 26 | X83: 46 | Y83: 60 | Z83: 220 | AA83: 352 | AB83: 100 | AC83: 37 | AD83: 1548.68 | AE83: 39.2 | AF83: 9075 | AG83: 16020.6 | AH83: No | AI83: No
A84: PI-2024-083 | B84: Nicole Rivera | C84: Motor Vehicle Accident | D84: Priya Nair | E84: State Farm | F84: Closed | G84: 7. Closed | H84: 12410.79 | I84: 36250 | J84: 0.4 | K84: 4784.77 | L84: 4512.68 | M84: 45626 | N84: 45759 | O84: 45813 | P84: 45822 | Q84: 45855 | R84: 46205 | S84: 46222 | T84: 133 | U84: 54 | V84: 9 | W84: 33 | X84: 350 | Y84: 17 | Z84: 196 | AA84: 596 | AB84: 26 | AC84: 87 | AD84: 272.09 | AE84: 5.7 | AF84: 14500 | AG84: 17237.32 | AH84: Yes | AI84: No | AJ84: Records/Bills
A85: PI-2024-084 | B85: James Gonzalez | C85: Motor Vehicle Accident | D85: Daniel Kowalski | E85: Liberty Mutual | F85: Closed | G85: 7. Closed | H85: 41717.48 | I85: 60250 | J85: 0.33 | K85: 4792 | L85: 2963.54 | M85: 45628 | N85: 45821 | O85: 45854 | P85: 45886 | Q85: 45966 | R85: 45979 | S85: 46014 | T85: 193 | U85: 33 | V85: 32 | W85: 80 | X85: 13 | Y85: 35 | Z85: 258 | AA85: 386 | AB85: 67 | AC85: 113 | AD85: 1828.46 | AE85: 38.2 | AF85: 19882.5 | AG85: 37403.96 | AH85: Yes | AI85: No | AJ85: Adjuster Offer
A86: PI-2024-085 | B86: Marcus Reyes | C86: Dog Bite | D86: Marcus Bell | E86: Allstate | F86: Closed | G86: 7. Closed | H86: 3049.08 | I86: 5500 | J86: 0.33 | K86: 1008.5 | L86: 926.3 | M86: 45639 | N86: 45710 | O86: 45737 | P86: 45770 | Q86: 45789 | R86: 45813 | S86: 45857 | T86: 71 | U86: 27 | V86: 33 | W86: 19 | X86: 24 | Y86: 44 | Z86: 131 | AA86: 218 | AB86: 77 | AC86: 46 | AD86: 82.2 | AE86: 8.2 | AF86: 1815 | AG86: 2758.7 | AH86: No | AI86: No
A87: PI-2024-086 | B87: Monica Reyes | C87: Motor Vehicle Accident | D87: Marcus Bell | E87: GEICO | F87: Closed | G87: 7. Closed | H87: 31357.91 | I87: 50000 | J87: 0.4 | K87: 5734.79 | L87: 3720.92 | M87: 45642 | N87: 45821 | O87: 45902 | P87: 45922 | Q87: 45944 | R87: 46211 | S87: 46248 | T87: 179 | U87: 81 | V87: 20 | W87: 22 | X87: 267 | Y87: 37 | Z87: 280 | AA87: 606 | AB87: 57 | AC87: 103 | AD87: 2013.87 | AE87: 35.1 | AF87: 20000 | AG87: 26279.08 | AH87: Yes | AI87: No | AJ87: Records/Bills
A88: PI-2024-087 | B88: Patricia Reyes | C88: Pedestrian | D88: Marcus Bell | E88: Allstate | F88: Closed | G88: 7. Closed | H88: 39108.47 | I88: 25000 | J88: 0.33 | K88: 10827.85 | L88: 8750 | M88: 45644 | N88: 46079 | O88: 46095 | P88: 46165 | Q88: 46219 | R88: 46271 | S88: 46299 | T88: 435 | U88: 16 | V88: 70 | W88: 54 | X88: 52 | Y88: 28 | Z88: 521 | AA88: 655 | AB88: 98 | AC88: 70 | AD88: 2077.85 | AE88: 19.2 | AF88: 8250 | AG88: 8000 | AH88: Yes | AI88: No | AJ88: Adjuster Offer
A89: PI-2024-088 | B89: Angela Lewis | C89: Motor Vehicle Accident | D89: Priya Nair | E89: Liberty Mutual | F89: Closed | G89: 7. Closed | H89: 37798.98 | I89: 24500 | J89: 0.4 | K89: 15082.09 | L89: 5748.8 | M89: 45649 | N89: 45762 | O89: 45769 | P89: 45785 | Q89: 45833 | R89: 46067 | S89: 46107 | T89: 113 | U89: 7 | V89: 16 | W89: 48 | X89: 234 | Y89: 40 | Z89: 136 | AA89: 458 | AB89: 56 | AC89: 55 | AD89: 9333.29 | AE89: 61.9 | AF89: 9800 | AG89: 8951.2 | AH89: Yes | AI89: No | AJ89: Adjuster Offer
A90: PI-2024-089 | B90: Jose Martinez | C90: Motor Vehicle Accident | D90: Priya Nair | E90: State Farm | F90: Closed | G90: 7. Closed | H90: 13167.54 | I90: 17500 | J90: 0.33 | K90: 0 | L90: 0 | M90: 45654 | N90: 45755 | O90: 45767 | P90: 45779 | Q90: 45810 | R90: 45822 | S90: 45855 | T90: 101 | U90: 12 | V90: 12 | W90: 31 | X90: 12 | Y90: 33 | Z90: 125 | AA90: 201 | AB90: 45 | AC90: 43 | AD90: 0 | AF90: 5775 | AG90: 11725 | AH90: No | AI90: No
A91: PI-2024-090 | B91: Keisha Perez | C91: Motor Vehicle Accident | D91: Alicia Reyes | E91: GEICO | F91: Closed | G91: 7. Closed | H91: 15912.73 | I91: 27250 | J91: 0.33 | K91: 2927.11 | L91: 1223.09 | M91: 45655 | N91: 45913 | O91: 45944 | P91: 45956 | Q91: 45974 | R91: 46013 | S91: 46042 | T91: 258 | U91: 31 | V91: 12 | W91: 18 | X91: 39 | Y91: 29 | Z91: 301 | AA91: 387 | AB91: 41 | AC91: 49 | AD91: 1704.02 | AE91: 58.2 | AF91: 8992.5 | AG91: 17034.41 | AH91: No | AI91: No
A92: PI-2024-091 | B92: Anthony Perez | C92: Dog Bite | D92: Daniel Kowalski | E92: Liberty Mutual | F92: Closed | G92: 7. Closed | H92: 14178.11 | I92: 21000 | J92: 0.33 | K92: 8074.41 | L92: 6144.34 | M92: 45657 | N92: 45755 | O92: 45774 | P92: 45801 | Q92: 45827 | R92: 45916 | S92: 45974 | T92: 98 | U92: 19 | V92: 27 | W92: 26 | X92: 89 | Y92: 58 | Z92: 144 | AA92: 317 | AB92: 85 | AC92: 45 | AD92: 1930.07 | AE92: 23.9 | AF92: 6930 | AG92: 7925.66 | AH92: No | AI92: No
A93: PI-2025-001 | B93: Victor Perez | C93: Motor Vehicle Accident | D93: Alicia Reyes | E93: State Farm | F93: Closed | G93: 7. Closed | H93: 26615.93 | I93: 40250 | J93: 0.33 | K93: 9999.98 | L93: 9804.5 | M93: 45665 | N93: 45805 | O93: 45825 | P93: 45836 | Q93: 45894 | R93: 45915 | S93: 45931 | T93: 140 | U93: 20 | V93: 11 | W93: 58 | X93: 21 | Y93: 16 | Z93: 171 | AA93: 266 | AB93: 27 | AC93: 78 | AD93: 195.48 | AE93: 2 | AF93: 13282.5 | AG93: 17163 | AH93: Yes | AI93: No | AJ93: Adjuster Offer
A94: PI-2025-002 | B94: Jose Rodriguez | C94: Motor Vehicle Accident | D94: Jennifer Ortiz | E94: Progressive | F94: Closed | G94: 7. Closed | H94: 18818.65 | I94: 25000 | J94: 0.33 | K94: 4235.89 | L94: 2827.83 | M94: 45665 | N94: 45774 | O94: 45784 | P94: 45806 | Q94: 45836 | R94: 45854 | S94: 45880 | T94: 109 | U94: 10 | V94: 22 | W94: 30 | X94: 18 | Y94: 26 | Z94: 141 | AA94: 215 | AB94: 48 | AC94: 40 | AD94: 1408.06 | AE94: 33.2 | AF94: 8250 | AG94: 13922.17 | AH94: No | AI94: No
A95: PI-2025-003 | B95: Marcus Diaz | C95: Motor Vehicle Accident | D95: Jennifer Ortiz | E95: Allstate | F95: Closed | G95: 7. Closed | H95: 28844.47 | I95: 25000 | J95: 0.33 | K95: 0 | L95: 0 | M95: 45669 | N95: 45892 | O95: 45915 | P95: 45934 | Q95: 46028 | R95: 46047 | S95: 46090 | T95: 223 | U95: 23 | V95: 19 | W95: 94 | X95: 19 | Y95: 43 | Z95: 265 | AA95: 421 | AB95: 62 | AC95: 117 | AD95: 0 | AF95: 8250 | AG95: 16750 | AH95: Yes | AI95: No | AJ95: Adjuster Offer
A96: PI-2025-004 | B96: Linda Taylor | C96: Dog Bite | D96: Alicia Reyes | E96: Allstate | F96: Closed | G96: 7. Closed | H96: 4307.72 | I96: 8000 | J96: 0.33 | K96: 746.03 | L96: 456.83 | M96: 45670 | N96: 45691 | O96: 45734 | P96: 45745 | Q96: 45816 | R96: 45853 | S96: 45870 | T96: 21 | U96: 43 | V96: 11 | W96: 71 | X96: 37 | Y96: 17 | Z96: 75 | AA96: 200 | AB96: 28 | AC96: 114 | AD96: 289.2 | AE96: 38.8 | AF96: 2640 | AG96: 4903.17 | AH96: Yes | AI96: No | AJ96: Adjuster Offer
A97: PI-2025-005 | B97: Andre Lopez | C97: Pedestrian | D97: Priya Nair | E97: Allstate | F97: Open | G97: 5. Negotiation | H97: 7801.19 | J97: 0.4 | K97: 1806.37 | M97: 45675 | N97: 45856 | O97: 45876 | P97: 45883 | Q97: 45915 | T97: 181 | U97: 20 | V97: 7 | W97: 32 | Z97: 208 | AC97: 52 | AH97: No | AI97: No
A98: PI-2025-006 | B98: Daniel Perez | C98: Dog Bite | D98: Alicia Reyes | E98: Liberty Mutual | F98: Closed | G98: 7. Closed | H98: 10222.21 | I98: 38250 | J98: 0.33 | K98: 1686.56 | L98: 1163.04 | M98: 45678 | N98: 45699 | O98: 45739 | P98: 45747 | Q98: 45770 | R98: 45824 | S98: 45857 | T98: 21 | U98: 40 | V98: 8 | W98: 23 | X98: 54 | Y98: 33 | Z98: 69 | AA98: 179 | AB98: 41 | AC98: 63 | AD98: 523.52 | AE98: 31 | AF98: 12622.5 | AG98: 24464.46 | AH98: No | AI98: No
A99: PI-2025-007 | B99: Angela Rodriguez | C99: Slip & Fall | D99: Jennifer Ortiz | E99: Liberty Mutual | F99: Closed | G99: 7. Closed | H99: 178292.08 | I99: 300000 | J99: 0.4 | K99: 36438.91 | L99: 20527.01 | M99: 45680 | N99: 45767 | O99: 45856 | P99: 45876 | Q99: 45956 | R99: 46220 | S99: 46277 | T99: 87 | U99: 89 | V99: 20 | W99: 80 | X99: 264 | Y99: 57 | Z99: 196 | AA99: 597 | AB99: 77 | AC99: 169 | AD99: 15911.9 | AE99: 43.7 | AF99: 120000 | AG99: 159472.99 | AH99: Yes | AI99: No | AJ99: Records + Adjuster
A100: PI-2025-008 | B100: Brian Thomas | C100: Motor Vehicle Accident | D100: Marcus Bell | E100: State Farm | F100: Closed | G100: 7. Closed | H100: 13492.82 | I100: 22750 | J100: 0.33 | K100: 7190.24 | L100: 4449.08 | M100: 45682 | N100: 45833 | O100: 45897 | P100: 45918 | Q100: 45940 | R100: 45967 | S100: 46017 | T100: 151 | U100: 64 | V100: 21 | W100: 22 | X100: 27 | Y100: 50 | Z100: 236 | AA100: 335 | AB100: 71 | AC100: 86 | AD100: 2741.16 | AE100: 38.1 | AF100: 7507.5 | AG100: 10793.42 | AH100: Yes | AI100: No | AJ100: Records/Bills
...
